<?xml version="1.0" encoding="utf-8"?>
<extension type="module" version="2.5.6" client="site" method="upgrade">
	<name>mod_conepage_navi</name>
	<author>Yves Hoppe - Compojoom.com</author>
	<creationDate>2013-11-30</creationDate>
	<copyright>Copyright (C) 2013 - 2014 compojoom.com - Yves Hoppe. All rights reserved.</copyright>
	<license>GNU General Public License version 2 or later; see LICENSE.txt</license>
	<authorEmail>yves@compojoom.com</authorEmail>
	<authorUrl>compojoom.com</authorUrl>
	<version>1.0.0</version>
	<description>MOD_CADVANCEDSLIDESHOW_XML_DESCRIPTION</description>
	<files>
		<file>helper.php</file>
<file>index.html</file>
<file module="mod_conepage_navi">mod_conepage_navi.php</file>
<folder>tmpl</folder>
	</files>
	<languages folder="language">
		
	</languages>
	<config>
		<fields name="params">
			<fieldset name="basic">
				<!--
				<field name="galleryid" type="category" extension="com_cadvancedslideshow" size="5" default="1"
				       label="MOD_CADVANCEDSLIDESHOW_GALLERY">
				</field>

				<field name="template"
				       type="list"
				       default="0"
				       label="MOD_CADVANCEDSLIDESHOW_FIELD_TEMPLATE_LABEL"
				       description="MOD_CADVANCEDSLIDESHOW_FIELD_TEMPLATE_DESC">
					<option value="default">MOD_CADVANCEDSLIDESHOW_TEMPLATE_DEFAULT</option>
					<option value="simple">MOD_CADVANCEDSLIDESHOW_TEMPLATE_SIMPLE</option>
					<option value="cycle2">MOD_CADVANCEDSLIDESHOW_TEMPLATE_CYCLE2</option>
					<option value="compojoom">MOD_CADVANCEDSLIDESHOW_TEMPLATE_COMPOJOOM</option>
					<option value="subitle">MOD_CADVANCEDSLIDESHOW_TEMPLATE_SUBTITLE</option>
				</field>

				<field name="delay"
				       type="text"
				       default="7000"
				       label="MOD_CADVANCEDSLIDESHOW_DELAY"
						description="MOD_CADVANCEDSLIDESHOW_DELAY_DESC" />

				<field name="duration"
				       type="text"
				       default="1000"
				       label="MOD_CADVANCEDSLIDESHOW_DURATION"
				       description="MOD_CADVANCEDSLIDESHOW_DURATION_DESC" />

				<field name="autoplay"
				       type="radio" default="1"
				       label="MOD_CADVANCEDSLIDESHOW_AUTOPLAY"
				       description="MOD_CADVANCEDSLIDESHOW_AUTOPLAY_DESC">
					<option value="0">JNO</option>
					<option value="1">JYES</option>
				</field>

				<field name="cslides_nav"
				       type="radio" default="1"
				       label="MOD_CADVANCEDSLIDESHOW_NAVIGATION"
				       description="MOD_CADVANCEDSLIDESHOW_NAVIGATION_DESC">
					<option value="0">JNO</option>
					<option value="1">JYES</option>
				</field>
			</fieldset>
			<fieldset name="dimensions" label="MOD_CADVANCEDSLIDESHOW_DIMENSIONS">

				<field name="cslides_holder_width"
				       type="text"
				       default="100%"
				       label="MOD_CADVANCEDSLIDESHOW_HOLDER_WIDTH"
				       description="MOD_CADVANCEDSLIDESHOW_HOLDER_WIDTH_DESC" />

				<field name="cslides_holder_height"
				       type="text"
				       default="300"
				       label="MOD_CADVANCEDSLIDESHOW_HOLDER_HEIGHT"
				       description="MOD_CADVANCEDSLIDESHOW_HOLDER_HEIGHT_DESC" />

				<field name="cslides_holder_inner_padding"
				       type="text"
				       default="0"
				       label="MOD_CADVANCEDSLIDESHOW_HOLDER_PADDING"
				       description="MOD_CADVANCEDSLIDESHOW_HOLDER_PADDING_DESC" />

				<field name="cslides_holder_inner_margin"
				       type="text"
				       default="0"
				       label="MOD_CADVANCEDSLIDESHOW_HOLDER_INNER_MARGIN"
				       description="MOD_CADVANCEDSLIDESHOW_HOLDER_INNER_MARGIN_DESC" />
				       -->

			</fieldset>
			<fieldset name="advanced">
				<field name="moduleclass_sfx"
				       type="text"
				       label="COM_MODULES_FIELD_MODULECLASS_SFX_LABEL"
				       description="COM_MODULES_FIELD_MODULECLASS_SFX_DESC"/>

				<field name="cache"
				       type="list"
				       default="1"
				       label="COM_MODULES_FIELD_CACHING_LABEL"
				       description="COM_MODULES_FIELD_CACHING_DESC">
					<option value="1">JGLOBAL_USE_GLOBAL</option>
					<option value="0">COM_MODULES_FIELD_VALUE_NOCACHING</option>
				</field>

				<field name="cache_time"
				       type="text"
				       default="900"
				       label="COM_MODULES_FIELD_CACHE_TIME_LABEL"
				       description="COM_MODULES_FIELD_CACHE_TIME_DESC"/>
			</fieldset>
		</fields>
	</config>
	<media destination="mod_conepage_navi" folder="media/mod_conepage_navi">
		<folder>css</folder>
<folder>images</folder>
<folder>js</folder>
	</media>
</extension>
